ticker,latest_date,latest_close,1d_return,5d_return,20d_return,20d_volatility,avg_volume_20d
MMM,2026-02-09,170.27999877929688,-0.013727165948285385,0.10982211371880864,0.030501047679651134,0.026157500075489698,5131530.0
AOS,2026-02-09,79.08000183105469,0.0012661239537958941,0.05849287645742014,0.12138408388353078,0.01810827796909678,1574475.0
ABT,2026-02-09,111.06999969482422,0.0021654593503967427,0.01517225095651587,-0.1179320099274227,0.02505721496466552,13898130.0
ABBV,2026-02-09,223.2599945068359,-0.0007608565300900532,-0.010547796885527356,0.014449257766829518,0.014429731066624771,7519350.0
ACN,2026-02-09,236.7599945068359,-0.01604189464168047,-0.11256048980945828,-0.15644713300376928,0.030653778485839223,5101095.0
ADBE,2026-02-09,266.8999938964844,-0.005514609730238169,-0.09025840393214692,-0.20077860715567045,0.025059184130019865,5831390.0
AMD,2026-02-09,216.0,0.036269417914245664,-0.12291389023151893,0.06314909655305477,0.05527881549037979,46090220.0
AES,2026-02-09,16.059999465942383,0.00062306724966969,0.09029191887565614,0.12150836649438357,0.0294098811814397,10537890.0
AFL,2026-02-09,113.1999969482422,-0.03371749488850098,0.011165699277132736,0.036250450035811066,0.014125270255937464,2531115.0
A,2026-02-09,127.5,-0.016051873758780897,-0.05827608704643872,-0.1415297849971752,0.015596447547969667,1908760.0
APD,2026-02-09,286.3699951171875,0.01147923161928135,0.05675488186670871,0.08588652279554994,0.020489204022167227,1498330.0
ABNB,2026-02-09,121.30999755859376,-0.007120664138230175,-0.0761556635894212,-0.1289581831183914,0.022689978522544417,4397510.0
AKAM,2026-02-09,94.72000122070312,-0.003786291579918399,-0.01976607768812981,0.07489784689523392,0.030045683080387357,3747095.0
ALB,2026-02-09,165.75999450683594,0.014629365618417621,0.005032449329494011,0.02771406415011266,0.04137839947561266,3536730.0
ARE,2026-02-09,56.20000076293945,0.0053667125021751964,0.0378577872445826,0.04131924201959978,0.022314586022576178,2770280.0
ALGN,2026-02-09,192.5,0.02611936960055663,0.17643460401937547,0.11406914450901252,0.030317040129490262,1179405.0
ALLE,2026-02-09,177.94000244140625,-0.010179683971532433,0.07503623639654376,0.09373655277614477,0.011610558887042963,882735.0
LNT,2026-02-09,66.9000015258789,0.0031488840423594404,0.027491950525995835,0.028914256842136884,0.008298637045722158,2662580.0
ALL,2026-02-09,199.94000244140625,-0.03666586604893384,-0.004084439568968698,-0.05782010218304722,0.021484474416536163,2054035.0
GOOGL,2026-02-09,324.32000732421875,0.004522152136835511,-0.05635891349644301,-0.012934838558792381,0.01322500776615923,37912910.0
GOOG,2026-02-09,324.3999938964844,0.0040234842723966295,-0.05943751917302936,-0.014401229084880661,0.013489190621273949,24468730.0
MO,2026-02-09,64.4000015258789,-0.015290519520925364,0.03487067330234783,0.11941600716762601,0.019671418280510458,11203705.0
AMZN,2026-02-09,208.72000122070312,-0.007607484061414737,-0.14092856662408784,-0.15627780297127564,0.021013709789048183,54360075.0
AMCR,2026-02-09,48.40999984741211,0.004982389196384139,0.1065142822265625,0.11930635485345918,0.03003542650908047,7271411.0
AEE,2026-02-09,104.26000213623048,-0.007897937297395111,0.018164068189798908,0.0435391683983176,0.007568683237659418,1588420.0
AEP,2026-02-09,121.0999984741211,0.0024834057515276706,0.02340908138429065,0.035839489186242315,0.00877478023762824,3391700.0
AXP,2026-02-09,359.6600036621094,0.0014200467055332793,0.019357813535627152,-0.042464211047329586,0.017122138944218615,3319315.0
AIG,2026-02-09,74.9000015258789,-0.02372262338198564,0.013257621499039824,-0.007026365864412016,0.01452944365479351,4988075.0
AMT,2026-02-09,173.7100067138672,0.01424652525566957,5.762674611895724e-05,0.030858776194549704,0.01763097577938235,3528735.0
AWK,2026-02-09,122.9499969482422,-0.011099532393538333,-0.028600796044167553,-0.039303065141065886,0.012199229890761876,1599295.0
AMP,2026-02-09,539.1099853515625,-0.0071456287456380975,0.013021896296659903,0.06174171849494058,0.01938165865949345,654500.0
AME,2026-02-09,233.41000366210935,0.006468026287410549,0.02498683651372173,0.1080991470681703,0.011275808393637137,1520030.0
AMGN,2026-02-09,375.8200073242187,-0.02211698542363229,0.0903447119361201,0.15246856881358103,0.024288644222141227,3122585.0
APH,2026-02-09,144.1999969482422,0.05850401138265601,-0.005036885147521639,0.028824152258673047,0.051200774856495476,12985455.0
ADI,2026-02-09,322.9700012207031,0.007863906748874768,0.019283015059037636,0.07323965401038487,0.018376504152094308,4049625.0
AON,2026-02-09,310.3399963378906,-0.09267925217838346,-0.11232513560555935,-0.11533635365733352,0.024490879628752262,1451045.0
APA,2026-02-09,27.489999771118164,0.0010925232208937616,0.06179993894126737,0.09087297376381484,0.025206340757393163,6621775.0
APO,2026-02-09,133.9499969482422,0.006915719592478035,0.00570609274649033,-0.08140179522542866,0.02670340572910801,4035955.0
AAPL,2026-02-09,274.6199951171875,-0.012584496121989554,0.017073386855413528,0.05879631525269454,0.016088169658926656,57115035.0
AMAT,2026-02-09,330.57000732421875,0.02499146480585556,0.006607836382659584,0.09758289183596502,0.033441389995914346,8404525.0
APP,2026-02-09,460.3800048828125,0.1319335255238437,-0.04683228802730331,-0.28922987447329707,0.07096849166571562,7140465.0
APTV,2026-02-09,83.37000274658203,0.012017547052333592,0.0691202764505804,-0.059772138624217167,0.028511094785469954,2586350.0
ACGL,2026-02-09,96.05999755859376,-0.04843981711218452,-0.00672114085443367,0.009245610953944593,0.017477693922039447,2433940.0
ADM,2026-02-09,67.3499984741211,0.015377606134617344,-0.010722728221205817,0.08734258907586216,0.015546749282862374,4114500.0
ARES,2026-02-09,137.25,0.05204655018165864,-0.06294805177758067,-0.21977149029209334,0.04341264999590875,3723090.0
ANET,2026-02-09,141.74000549316406,0.030911337771466655,0.024355066090176944,0.15338926029080477,0.03956672943130267,8626030.0
AJG,2026-02-09,217.7899932861328,-0.09847672971523139,-0.11203983572243784,-0.1768774469915808,0.027062721847561443,2322075.0
AIZ,2026-02-09,235.32000732421875,-0.03283872555401615,-0.021090694614178736,-0.011260473427652311,0.012303722068153633,336370.0
T,2026-02-09,27.11000061035156,-0.0007371378928740639,0.030798532197278607,0.13005422546896395,0.01922135097067961,51086775.0
ATO,2026-02-09,171.4600067138672,0.0004668095972420572,0.029666120073618248,0.02806096635582457,0.009836165326485607,1788140.0
ADSK,2026-02-09,242.52999877929688,0.008860253481244454,-0.05102323500886857,-0.12133175700081696,0.025880706764832086,2287760.0
ADP,2026-02-09,226.6199951171875,-0.020487575556100618,-0.08458556571301494,-0.14810914789737642,0.014537595496191793,2783700.0
AZO,2026-02-09,3634.2900390625,-0.01275921031889172,-0.023672802063043126,0.06229451388099945,0.016313378724988913,174495.0
AVB,2026-02-09,173.4600067138672,-0.0021284882545597513,-0.010609174838282257,-0.03294858986565256,0.01684570734412198,1303105.0
AVY,2026-02-09,189.4600067138672,-0.010704338424987777,0.012667755745188096,0.005626395178999866,0.013091164421317768,674660.0
AXON,2026-02-09,433.7699890136719,0.04724764903401023,-0.057001243021274135,-0.31331826158843296,0.03762502188281045,998585.0
BKR,2026-02-09,59.54999923706055,0.010692482818970726,0.054915826965874985,0.19171498463738926,0.02311359745256195,10837900.0
BALL,2026-02-09,66.6500015258789,0.002707993107719657,0.17569241736543906,0.19831001089198283,0.023204379709942193,2418665.0
BAC,2026-02-09,56.40999984741211,-0.0021227478237397933,0.04404962283706731,0.010026882517293181,0.015333956897611356,41269700.0
BAX,2026-02-09,21.729999542236328,0.0,0.09360838572942355,0.03132415078175043,0.02345887183448451,8808930.0
BDX,2026-02-09,207.38999938964844,-0.012522639888153692,0.02714078365681033,0.022885323746724723,0.013061430339727467,2116630.0
BRK-B,2026-02-09,498.0799865722656,-0.019701253395605394,0.022142826321359003,-0.0020437177294653115,0.010885816023656496,5297725.0
BBY,2026-02-09,67.08000183105469,-0.04729444195224071,0.017905922273953143,-0.04999290112991969,0.02262580897140011,4339305.0
TECH,2026-02-09,65.4800033569336,-0.019466838067183457,0.003524955661817529,-0.0033484566442507227,0.025860991029856527,2649140.0
BIIB,2026-02-09,193.80999755859375,-0.036633837287512364,0.08219331912281004,0.03299223218474114,0.0314359877701941,1710260.0
BLK,2026-02-09,1079.9000244140625,0.022264733734579868,-0.03551078769615541,-0.004792140161156215,0.022349941931052913,823230.0
BX,2026-02-09,131.4199981689453,0.013339468694363484,-0.06979049189938444,-0.16622254637657477,0.024892191144718717,5723515.0
XYZ,2026-02-09,56.779998779296875,0.014471994656561389,-0.059933818793547707,-0.18360896782359218,0.0313963332380778,7128215.0
BK,2026-02-09,127.61000061035156,0.0264639713932071,0.049338047610282425,0.07199260440955159,0.015996718707555854,3940680.0
BA,2026-02-09,244.7100067138672,0.006912759507092703,0.050167377165342295,0.04340599491560204,0.014247794286355775,8523210.0
BKNG,2026-02-09,4237.0498046875,-0.04938562384781192,-0.17281471917858363,-0.22852056674698726,0.026312617102653153,314090.0
BSX,2026-02-09,74.12000274658203,-0.028189248605137152,-0.1932077878452049,-0.2408848503696318,0.04273685885517615,20271860.0
BMY,2026-02-09,60.77000045776367,-0.019680612803191964,0.08731438757215436,0.08789831352959607,0.01810851913586927,13707075.0
AVGO,2026-02-09,343.94000244140625,0.03310101096119276,0.038748505504058506,-0.0029857633291362853,0.029182494675126965,28368170.0
BR,2026-02-09,181.0500030517578,-0.004727615815724743,-0.0871735081444578,-0.18942513181848955,0.0239727695293076,1251930.0
BRO,2026-02-09,68.66999816894531,-0.06925997146784259,-0.036886462415763675,-0.14843751626118792,0.02451721000828257,3255510.0
BF-B,2026-02-09,29.479999542236328,0.00101863424515174,0.08702059845030742,0.13559324275435258,0.02246146353498963,5088015.0
BLDR,2026-02-09,124.3000030517578,-0.0009644359343631518,0.09737800596435854,-0.0028878597768002435,0.02476981661672126,2135325.0
BG,2026-02-09,118.6500015258789,0.024080794932069677,0.04097208309707624,0.1866187024779473,0.01534913641867383,1839025.0
BXP,2026-02-09,65.01000213623047,0.004480854605339162,0.030922941967542892,-0.043689336187715866,0.01450121554137127,2207415.0
CHRW,2026-02-09,200.30999755859375,-0.0013958760875853946,0.009118375610044081,0.17298115914433196,0.01441993820604626,2273185.0
CDNS,2026-02-09,291.0,0.026382658282225826,0.006258852461403743,-0.1109345813737134,0.028668934478558426,2429555.0
CPT,2026-02-09,107.87999725341795,0.011722780007479856,0.005405351213087917,-0.008455935409323318,0.01260576163203386,1414310.0
CPB,2026-02-09,28.93000030517578,0.003468622328628562,0.05085359911412561,0.09458948055745672,0.020232475481672656,7411275.0
COF,2026-02-09,222.7599945068359,-0.00013465047893051238,-0.0041130105466288,-0.10609952955536255,0.02826944057327119,6738310.0
CAH,2026-02-09,225.7599945068359,-0.0024744291236284055,0.031197195722604234,0.12256970723322427,0.027811833282649058,1885250.0
CCL,2026-02-09,32.810001373291016,-0.034716100232596636,0.011094009303158863,0.021164029958610595,0.037514279495210474,21010600.0
CARR,2026-02-09,65.31999969482422,0.021902402471580148,0.08217360891845371,0.1612444390190972,0.017094066524407717,9654790.0
CVNA,2026-02-09,411.6099853515625,0.019669461836925747,0.009120033757951299,-0.11116632057144692,0.043930531587434256,3958985.0
CAT,2026-02-09,742.1199951171875,0.021922311543032095,0.07411967399976095,0.20158026130027948,0.025199284101613553,2905245.0
CBOE,2026-02-09,280.8800048828125,0.02750958419016105,0.06426186189825293,0.07637475280119661,0.011867400998619894,935000.0
CBRE,2026-02-09,170.97999572753906,0.007720855618147338,0.009565393902628996,0.03336146977932671,0.01778473506545397,1328000.0
CDW,2026-02-09,143.44000244140625,0.0057495957950704545,0.1309627089060293,0.07453739260465998,0.027462775385126995,1753895.0
COR,2026-02-09,363.2699890136719,0.011189948541884133,-0.0007976910190047388,0.08215909431821591,0.027443012755684962,1344900.0
CNC,2026-02-09,38.040000915527344,-0.010920389468102643,-0.1112149160369965,-0.18386611419440568,0.029291308906174207,7071895.0
CNP,2026-02-09,40.25,0.004993776947550626,0.022092404984447214,0.06228558058505315,0.009868687404068589,5680230.0
CF,2026-02-09,94.94000244140624,0.024827321534015467,0.056767657072628895,0.14939472391335834,0.023393320214731516,2382225.0
CRL,2026-02-09,185.6999969482422,-0.018550867507409436,-0.12906858697545498,-0.15938620311519378,0.028845284852105822,715315.0
SCHW,2026-02-09,107.20999908447266,0.020270243779045093,0.019397175535272593,0.07028053353513855,0.014643438422301057,10067560.0
CHTR,2026-02-09,238.25,0.0307605807265135,0.11535040175667871,0.13134528773023482,0.0351325980248023,2533850.0
CVX,2026-02-09,182.6000061035156,0.009620731434767254,0.049244425583701346,0.12639569067928091,0.01181067448143982,12218220.0
CMG,2026-02-09,39.59000015258789,0.005077450267542087,0.02804471249355508,-0.012964359258311018,0.020433215976264307,19228630.0
CB,2026-02-09,326.1700134277344,-0.014502788093377501,0.04793578611320281,0.06310099417618652,0.013595553746304069,1773550.0
CHD,2026-02-09,98.41999816894533,-0.0209887659004536,0.011095149698853024,0.14735369048173888,0.014428993625283854,2985815.0
CIEN,2026-02-09,289.67999267578125,0.06766911711609569,0.07892287687488349,0.256419134902892,0.040762423504215856,4122735.0
CI,2026-02-09,294.3999938964844,0.008046588603802717,0.08418643526624434,0.05538620187614995,0.01906682907120147,1868005.0
CINF,2026-02-09,168.6999969482422,-0.022878639373775385,0.038281643182299055,0.03503277049289753,0.013529496940711863,691250.0
CTAS,2026-02-09,194.7599945068359,-0.005667027303939464,0.020166522292570075,0.008492126300299656,0.007610452056706523,1901870.0
CSCO,2026-02-09,86.77999877929688,0.023107746893711166,0.07614086602332755,0.17460749872025885,0.017271231252997593,22420395.0
C,2026-02-09,123.7699966430664,0.008802625969267133,0.06487131608331853,0.020194501767268877,0.024179415694801056,15424085.0
CFG,2026-02-09,67.69999694824219,-0.006165675005949964,0.04378656045583456,0.1184536314809521,0.0202013916938318,5917035.0
CLX,2026-02-09,119.58999633789062,0.0019269078951321319,0.055609456893382495,0.1261888462982028,0.014805919231594801,2413180.0
CME,2026-02-09,307.239990234375,0.016442258250382667,0.05664271363276323,0.17066098664156887,0.008788034847785554,2278995.0
CMS,2026-02-09,72.81999969482422,-0.0002745283370642373,0.03217571289686638,0.040434375159763274,0.008881305905811843,3278225.0
KO,2026-02-09,77.97000122070312,-0.013412597430931919,0.035045789532426395,0.1058005794704047,0.010082601642826147,19742900.0
CTSH,2026-02-09,74.5999984741211,-0.03217440708381545,-0.10022922230054163,-0.12502936189324235,0.028132551485449495,5732885.0
COIN,2026-02-09,167.25,0.01289973925508423,-0.1097093609251053,-0.3053825033311664,0.051176019500166044,11655665.0
CL,2026-02-09,94.16000366210938,-0.0026480244709527036,0.02470349643637779,0.15562100862501704,0.015536316333448352,7908220.0
CMCSA,2026-02-09,31.61000061035156,0.00765061411212973,0.06826632130270545,0.11420513483515675,0.01581300448215433,38779055.0
FIX,2026-02-09,1283.6500244140625,0.043397342207854704,0.091297854009196,0.2704249349589965,0.030948102742264148,384655.0
CAG,2026-02-09,19.18000030517578,-0.008785533485402081,0.043525635524338774,0.1322313872785705,0.02032340716148999,13285835.0
COP,2026-02-09,108.6999969482422,0.010035255288027357,0.06788482140253903,0.11475740505449135,0.019630052529836052,8998695.0
ED,2026-02-09,106.68000030517578,-0.006148649666777263,0.011952211706655357,0.07529484214935603,0.009595684169190856,2037315.0
STZ,2026-02-09,163.61000061035156,-0.0043814349947086835,0.05107283027886353,0.11299320143096302,0.02012428305313684,2491975.0
CEG,2026-02-09,272.1499938964844,0.041044984766310334,0.004688382275470257,-0.20544784939362662,0.034801369449229534,4403330.0
COO,2026-02-09,81.4800033569336,-0.007551706805243485,0.010291405026053933,-0.023606874336142083,0.013534316130644835,1954210.0
CPRT,2026-02-09,40.29999923706055,-0.0014866544198125315,0.01562497296160288,0.011800084971108673,0.01504917740277522,8327555.0
GLW,2026-02-09,131.38999938964844,0.07555660978096344,0.19055816113618523,0.541593267800331,0.04567905026189985,9686720.0
CPAY,2026-02-09,355.9100036621094,0.004856154066594991,0.16741565048178275,0.07363500350560898,0.037938250401284214,659120.0
CTVA,2026-02-09,73.62000274658203,0.014049645921473772,0.005737784369537869,0.07239622884537868,0.015173277851789834,4338165.0
CSGP,2026-02-09,50.959999084472656,0.01352427051879277,-0.1670480740392955,-0.12873999620291215,0.0414879778126605,7778045.0
COST,2026-02-09,997.5900268554688,-0.0035658100451716013,0.03018509846138925,0.07861562752875076,0.01134568191882344,2596775.0
CTRA,2026-02-09,30.510000228881836,-0.004892355488479701,0.09708740793922052,0.229250628687323,0.018369518123047195,14710460.0
CRH,2026-02-09,126.83999633789062,-0.0022811368032144962,0.01797751116533737,-0.03455631280400273,0.019586238966384378,4384725.0
CRWD,2026-02-09,408.0400085449219,0.03170672198463179,-0.07020621426475794,-0.1329550556814017,0.03142074253666086,3166160.0
CCI,2026-02-09,83.08000183105469,0.027200848817335328,-0.022128028174161766,-0.007051468277784738,0.028662167787127043,3910030.0
CSX,2026-02-09,40.720001220703125,0.0027087074291627356,0.06069293743419424,0.15681819142388884,0.013870993834439013,15161870.0
CMI,2026-02-09,601.3800048828125,0.04093612104892617,0.010501907060173671,0.08927887777303997,0.03342504890674306,1110650.0
CVS,2026-02-09,75.7699966430664,-0.032929188019153045,0.004640658745934682,-0.05641352722952657,0.0375456477638267,10829745.0
DHR,2026-02-09,216.66000366210935,0.00023084368965831806,-0.030256890888183636,-0.09107686327889164,0.01856499156908927,4385515.0
DRI,2026-02-09,218.0099945068359,0.008045453368479482,0.0851667552522057,0.07733738806721363,0.019709583209431943,1566205.0
DDOG,2026-02-09,114.01000213623048,0.02077177584485544,-0.11654397954175381,-0.0914813604507475,0.04229583882210221,6653400.0
DVA,2026-02-09,137.63999938964844,-0.022651440743664156,0.23788107174636092,0.23499329886540035,0.05477520498558974,1487875.0
DECK,2026-02-09,114.5,-0.008228644204019323,-0.015053763440860216,0.10350807288601019,0.04892073114014548,3365740.0
DE,2026-02-09,585.6699829101562,0.004390248191428764,0.10036633707873414,0.1999467280419648,0.01632504169483061,1465080.0
DELL,2026-02-09,120.91000366210938,-0.0011565418101523155,0.014686135836000036,0.002404252270965457,0.031817884680162854,7528620.0
DAL,2026-02-09,75.0,-0.004644969889963575,0.08569771297087599,0.03720097541458919,0.028451585068080872,8975325.0
DVN,2026-02-09,43.47999954223633,-0.007532568379600069,0.08320877437405322,0.21588371317272845,0.02071277198461174,12297405.0
DXCM,2026-02-09,70.16000366210938,0.0027154843231592084,-0.032676067242179474,0.040949585663892576,0.016710932287119222,6017250.0
FANG,2026-02-09,165.9600067138672,-0.0058107350654355554,0.04614225512091369,0.12583951286154096,0.020021550106626776,2024790.0
DLR,2026-02-09,172.1300048828125,0.0029717386093429813,0.04251713552486547,0.08565122402817972,0.015208896547584743,2037740.0
DG,2026-02-09,147.3699951171875,0.00490965735198974,0.026897085625403574,0.032436524070647954,0.019356685193303507,3025850.0
DLTR,2026-02-09,123.16999816894533,-0.005329917244205578,0.0507592295366,-0.06957249111767445,0.023665686955435642,3223910.0
D,2026-02-09,62.36000061035156,0.00048128956225906454,0.03881395766175257,0.07554330980848943,0.01048388669029963,5740270.0
DPZ,2026-02-09,392.1600036621094,-0.006888171563688905,-0.04168906091516491,-0.0319188150600396,0.016444561824306717,779510.0
DASH,2026-02-09,186.2400054931641,0.020660953840302927,-0.10319253076868296,-0.13601777879710666,0.01902840841956199,4412055.0
DOV,2026-02-09,224.9900054931641,0.0059465340663412605,0.08523054960784368,0.1144187734575825,0.017548338746944402,1457245.0
DOW,2026-02-09,32.08000183105469,0.009439935114137528,0.11080341978109476,0.2183821467531283,0.03497947953138103,14460215.0
DHI,2026-02-09,153.5,-0.017725757962042163,0.024904824872365436,-0.024033563127128184,0.01852562650090993,3425745.0
DTE,2026-02-09,135.0399932861328,0.0016317011568248501,0.015873021339118658,0.03964888690957068,0.009660431312245718,1780440.0
DUK,2026-02-09,121.72000122070312,-0.0011488543324079472,0.018662678021603395,0.04212327089379543,0.008787596018679537,4344005.0
DD,2026-02-09,47.099998474121094,0.00791780302823129,0.06009448909759014,0.07509694128509754,0.02070020093430702,5009465.0
ETN,2026-02-09,377.05999755859375,0.00866724672541396,0.049020684947440725,0.1619364155544003,0.01867176685612023,3245560.0
EBAY,2026-02-09,87.36000061035156,0.009358723628344218,-0.06845807477620279,-0.039049641499876296,0.023957056817890097,4773495.0
ECL,2026-02-09,288.1600036621094,-0.007474194917913251,0.01589991137905996,0.06046440220623224,0.009556630288364275,1224345.0
EIX,2026-02-09,63.790000915527344,-0.003436981930338064,0.050041167333783436,0.04590915166426562,0.015814144639199872,2962565.0
EW,2026-02-09,76.80000305175781,-0.02426624386902876,-0.0707803795053697,-0.09785028157422743,0.014518205467878933,4250605.0
EA,2026-02-09,200.8699951171875,0.0043499755859375,-0.013408697959174359,-0.015825629053092222,0.006464837562863766,3063070.0
ELV,2026-02-09,327.5,-0.03386633610909624,-0.04192138529437103,-0.12158353191764878,0.0383108099494627,1921870.0
EME,2026-02-09,776.239990234375,0.0155557205837847,0.060915451453871686,0.20110784467055165,0.023634780164464343,339545.0
EMR,2026-02-09,160.00999450683594,0.016711078551444748,0.07656589685908982,0.10963937512612046,0.02110590397841166,3709220.0
ETR,2026-02-09,98.1500015258789,0.0019395921108819887,0.02785635900740384,0.04950818059247407,0.010997211194203306,2572025.0
EOG,2026-02-09,113.87000274658205,0.001495213745847616,0.05036434738523127,0.08530313318558348,0.019503480801468496,4955610.0
EPAM,2026-02-09,190.52999877929688,0.02062356039515263,-0.0945252331657129,-0.10097671229207712,0.03880917524648721,853225.0
EQT,2026-02-09,56.130001068115234,-0.01162176152090278,0.02520549896100885,0.09864945978615444,0.025583708366870076,11740665.0
EFX,2026-02-09,199.58999633789065,0.02029445516714637,0.0021087421439301255,-0.12059397940749284,0.0366685695379227,2272755.0
EQIX,2026-02-09,857.739990234375,0.01134272882678385,0.058441700271727626,0.07170614905863174,0.016206014607981847,568415.0
EQR,2026-02-09,64.66999816894531,0.012208464341028805,0.04966722168932452,0.06998675774898269,0.014779531603572487,2562290.0
ERIE,2026-02-09,269.57000732421875,-0.06304954526993435,-0.043840618850994155,-0.03903458619100206,0.021653416484746193,200025.0
ESS,2026-02-09,257.79998779296875,-0.0010075554835497645,0.037591486865963586,0.027009733906102104,0.01301299718853638,617900.0
EL,2026-02-09,99.01000213623048,-0.004624500641675878,-0.16630178212143032,-0.1294293571284389,0.04685696220715,4694605.0
EG,2026-02-09,322.1199951171875,-0.01909321005988095,-0.029057193045200897,-0.033195263226253435,0.012825698484207906,368035.0
EVRG,2026-02-09,77.1500015258789,0.005211746265523208,0.01566617240322616,0.05946171174403957,0.009710178717760302,2167170.0
ES,2026-02-09,67.62999725341797,0.004008263667160871,-0.004123198256395277,-0.002360284111940852,0.010861072917220275,2650555.0
EXC,2026-02-09,43.970001220703125,-0.008120924779645954,0.0013664626167051075,0.015473487192792424,0.01015352518856584,8515330.0
EXE,2026-02-09,103.23999786376952,-0.06460093055523033,-0.034598882487065566,0.015841785436016196,0.027428333082909647,3443870.0
EXPE,2026-02-09,236.4499969482422,-0.0016888712052580003,-0.14537179501745162,-0.20207198845001323,0.04168211193562162,2364125.0
EXPD,2026-02-09,163.63999938964844,-0.008482755413454121,0.0005502680294181611,0.02989489595472589,0.01168589142590505,1514750.0
EXR,2026-02-09,140.36000061035156,0.0024998651328319,0.038165708421463565,0.008333359824287147,0.016358496211002785,1399875.0
XOM,2026-02-09,151.2100067138672,0.014491805554403853,0.09255790016120956,0.2134660618989349,0.014982502830216973,21577145.0
FFIV,2026-02-09,278.739990234375,0.007846052907726948,-0.007053330641629034,0.03501538287203604,0.02644936984971574,1121235.0
FDS,2026-02-09,203.22000122070312,-0.019776220136360517,-0.1830679944193412,-0.3098319144309739,0.03430462375122095,924730.0
FICO,2026-02-09,1372.760009765625,-0.013112861419392524,-0.053862763764154956,-0.1757818918790955,0.02713734813558412,363470.0
FAST,2026-02-09,46.52000045776367,-0.025350913389427687,0.038392885044521693,0.10814675952913295,0.021765144895356404,10634305.0
FRT,2026-02-09,106.11000061035156,0.0033093652330891893,0.0576098741533944,0.043978760798363145,0.010591937947358462,806260.0
FDX,2026-02-09,364.6000061035156,-0.0125396223087184,0.08738448964286331,0.16724299910936657,0.019496631939208163,2034865.0
FIS,2026-02-09,50.59000015258789,-0.025803969665186676,-0.09789588978627084,-0.24311784972511805,0.025991565831724264,5044005.0
FITB,2026-02-09,54.33000183105469,-0.013616557281542102,0.04581330188955648,0.10269943832512571,0.020829541672272654,17574405.0
FSLR,2026-02-09,222.1300048828125,0.015544320494152464,-0.03652135353498585,-0.06926170504337932,0.03545866376226579,2452055.0
FE,2026-02-09,46.81999969482422,0.004074600522342729,-0.003617833104281025,0.04860018129422891,0.00920713164608701,5104920.0
FISV,2026-02-09,60.13999938964844,0.0023333231608072915,-0.04448680168658837,-0.13901215886311205,0.024243047841316635,10515325.0
F,2026-02-09,13.59000015258789,-0.015217393858296024,-0.01593050400753824,-0.042957722878224046,0.015546861101944715,62089945.0
FTNT,2026-02-09,85.93000030517578,0.03830350516094971,0.05707958343450016,0.08470082026102121,0.02305275905293469,7570035.0
FTV,2026-02-09,60.70000076293945,0.009647402550885314,0.13035381565266166,0.10363637750799005,0.028892579944419093,4139000.0
FOXA,2026-02-09,62.849998474121094,-0.029793151305099942,-0.1316661942653893,-0.14698699492668046,0.014133729262903308,3857365.0
FOX,2026-02-09,56.75,-0.027420711498916523,-0.13066787590078982,-0.14558865455474407,0.0137724382753685,1602885.0
BEN,2026-02-09,27.68000030517578,0.017647041498996468,0.022534193469835706,0.07872176421573109,0.01936328121897233,6302100.0
FCX,2026-02-09,63.61000061035156,0.048458917589206826,0.04690589808341593,0.12524326877657063,0.033893533151080776,25122150.0
GRMN,2026-02-09,206.02999877929688,0.018286941702949623,-0.0043011762880539655,-0.029305070533348056,0.019614706465431776,947595.0
IT,2026-02-09,159.75,0.02187678710988114,-0.21072132007225922,-0.3558987289408013,0.052245076006895076,1803330.0
GE,2026-02-09,316.739990234375,-0.013271058459890966,0.026011463838433484,-0.015081333868419786,0.025741088423221165,6507700.0
GEHC,2026-02-09,79.08000183105469,-0.01946682783782017,-0.01285730584757706,-0.09395047047350848,0.020733697666374357,3830870.0
GEV,2026-02-09,801.5399780273438,0.028472449010758197,0.061684582342853685,0.2876144225338855,0.027006530788303854,3549215.0
GEN,2026-02-09,24.600000381469727,0.014433005421432023,0.034047895534703804,-0.08753704685257752,0.027606529886612812,6728675.0
GNRC,2026-02-09,185.8300018310547,0.01253202782681686,0.08697937841143838,0.21632414789779666,0.025312993545460932,1092000.0
GD,2026-02-09,360.1000061035156,8.331374090223272e-05,0.03963972393648833,0.017547800723474137,0.014376645440596447,1473295.0
GIS,2026-02-09,48.099998474121094,0.004804669884442641,0.054362113114891045,0.07847533900770996,0.01880849740612379,7976785.0
GM,2026-02-09,80.68000030517578,-0.04226018101698999,-0.04260112116885914,-0.02642696233645988,0.029279933110663476,9145025.0
GPC,2026-02-09,146.02000427246094,-0.016766482570035955,0.03369679987772228,0.1377591432060103,0.01644583233072696,1148750.0
GILD,2026-02-09,151.67999267578125,-0.005377097207991803,0.0615158046306885,0.25251853498738946,0.01635483201393764,8207150.0
GPN,2026-02-09,71.76000213623047,-0.015097426089848424,-0.0031948289257390386,-0.09758544811901165,0.02670794036804754,3410200.0
GL,2026-02-09,141.4199981689453,-0.03474163216662419,-0.014082572769657391,-0.003733700533224549,0.013323653458417569,554920.0
GDDY,2026-02-09,98.06999969482422,0.008743041179268012,-0.020866652265067825,-0.1362515509596715,0.021297560459695594,1826250.0
GS,2026-02-09,943.6199951171876,0.016010761902759206,-0.0028637176499906472,0.00494154800416646,0.02117268759106778,2549815.0
HAL,2026-02-09,34.900001525878906,-0.0022869644769671566,0.06305207369395137,0.06956789406856097,0.018917651781024364,14486295.0
HIG,2026-02-09,139.3800048828125,-0.022306346312009704,0.01611144378047767,0.02289747909699231,0.012801199826710978,1611635.0
HAS,2026-02-09,96.76000213623048,0.031116857547881432,0.031116857547881432,0.11577491667666692,0.01785370283639595,1951010.0
HCA,2026-02-09,497.5400085449219,-0.00827202829693435,0.0013887540161617554,0.05395386452334035,0.023218619393656294,1145425.0
DOC,2026-02-09,16.84000015258789,-0.0005934853801447615,-0.004728127857288839,0.007779836938233861,0.015094192963378494,9954165.0
HSIC,2026-02-09,80.0999984741211,0.004766648866022398,0.06360378529823427,0.031684687066092926,0.0196306688421907,1242500.0
HSY,2026-02-09,230.5399932861328,-0.004275927518609686,0.16428463048199252,0.2193366708385482,0.024227077083388428,2288575.0
HPE,2026-02-09,23.90999984741211,0.012706447662225765,0.08632437977156705,0.07848442783627774,0.02581971299673637,16623710.0
HLT,2026-02-09,314.0299987792969,-0.001113321770085513,0.03664214957875002,0.045512099129096796,0.01194669403609593,1974700.0
HOLX,2026-02-09,75.0199966430664,0.0028070992023249003,0.0037463043524196484,0.0020033910909829974,0.0016530722982115338,2705120.0
HD,2026-02-09,381.0,-0.010775007042061012,0.00761664265313429,0.016976257481547227,0.01180461022917728,4410845.0
HON,2026-02-09,239.83999633789065,0.006124638917579872,0.05396378498437522,0.15652421010126233,0.015384112091233679,5159915.0
HRL,2026-02-09,24.40999984741211,-0.020858421636509698,-0.002044122605559976,0.05079639812434468,0.017603639464509165,4779590.0
HST,2026-02-09,19.540000915527344,0.009819148853328638,0.0465988663994744,0.059652947375901065,0.012888283517946776,8493360.0
HWM,2026-02-09,225.1499938964844,0.008917324797091048,0.08657876840566991,0.03152054560568625,0.021445302423979205,2865625.0
HPQ,2026-02-09,19.43000030517578,-0.011195894026737242,-0.0191821893493688,-0.09501625865958073,0.020825559025106327,19329045.0
HUBB,2026-02-09,506.1400146484375,0.004644753696243471,0.021287795130057324,0.07568064939860207,0.017951478808617517,608417.35
HUM,2026-02-09,189.4900054931641,-0.022945224771700235,0.012232951828279432,-0.31554993203679826,0.051419730943972716,2488205.0
HBAN,2026-02-09,19.0,-0.014011440132316741,0.0626398709062008,0.04166667973786086,0.02354393562937026,47571985.0
HII,2026-02-09,405.8200073242187,0.020237872471244,-0.03445153673400187,0.04865763344018165,0.035399380201103774,694355.0
IBM,2026-02-09,296.3399963378906,-0.008664223735822082,-0.058431080629410846,-0.02590232348692871,0.028877650260579882,5496990.0
IEX,2026-02-09,210.75,-0.002933221987556763,0.06321258552180947,0.14097770743125554,0.016478304155327195,997790.0
IDXX,2026-02-09,639.7899780273438,-0.0074774009614355826,0.00029706449133646195,-0.10311908610941271,0.016255372267500914,525205.0
ITW,2026-02-09,290.5799865722656,-0.010185034837877515,0.09980695647413097,0.13899338403009076,0.018341469891429825,1624130.0
INCY,2026-02-09,109.02999877929688,0.005904598147913259,0.06194604776252215,0.0202114342397536,0.021586392799038227,1830705.0
IR,2026-02-09,98.38999938964844,-0.0011167574654980964,0.10625136821272131,0.15062562193482548,0.026658146059013805,4454175.0
PODD,2026-02-09,245.57000732421875,0.015045735372362904,-0.04305973035313436,-0.15039440885550323,0.016148880255016585,1020610.0
INTC,2026-02-09,50.2400016784668,-0.006918333130370427,0.029297280576564003,0.10296383139322544,0.06286345287559529,146163425.0
IBKR,2026-02-09,78.41999816894531,0.05134739266784362,0.04184936450597109,0.11281391812870561,0.030319037521661592,5892030.0
ICE,2026-02-09,169.47999572753906,0.0028402114055565827,-0.021365036983048806,0.021086878479894353,0.018629657053418344,4022670.0
IFF,2026-02-09,75.18000030517578,0.004811555891739278,0.07784946674087141,0.08798845101757466,0.017684196458894335,1657535.0
IP,2026-02-09,47.5,0.019750925993565628,0.16736302784785348,0.09598522918241638,0.030336838489249344,8955330.0
INTU,2026-02-09,437.5,-0.014128916260442988,-0.10186400807720962,-0.3236976603977239,0.035438674668600324,3831700.0
ISRG,2026-02-09,492.8399963378906,0.009607707671918557,-0.007831245470176692,-0.15932040708983988,0.01431035171947296,2426240.0
IVZ,2026-02-09,26.88999938964844,0.0026099811939122057,-0.018971195208261328,-0.05880295145680834,0.02809776988691575,7034080.0
INVH,2026-02-09,26.440000534057617,0.003796521673896102,0.007238115583147321,-0.0022641307902785965,0.012836023074266976,6417050.0
IQV,2026-02-09,192.6699981689453,0.027628100293431827,-0.1667603609872026,-0.20518957444716546,0.038733734271294194,1753835.0
IRM,2026-02-09,97.08000183105467,0.013572802968533736,0.08566320531160114,0.08846282289129649,0.024831931301219048,1899335.0
JBHT,2026-02-09,226.27000427246097,-0.007195820118891231,0.06877330828425167,0.09388444571389988,0.018901792425847788,1224475.0
JBL,2026-02-09,265.9599914550781,0.02985475878055421,0.09349556007007925,0.17603359996912468,0.02718445290195812,1104470.0
JKHY,2026-02-09,171.55999755859375,-0.01038303556426229,-0.042527042240567366,-0.09304295708808476,0.022979303372127884,931455.0
J,2026-02-09,150.9600067138672,0.014448015526825569,0.10286383203382439,0.07867102540700191,0.023177530942762873,826675.0
JNJ,2026-02-09,238.63999938964844,-0.0056252596883835946,0.034192846759039816,0.167571799512098,0.009081341699470386,10064980.0
JCI,2026-02-09,139.0,0.009807527521801834,0.1302650529010837,0.25394679218196625,0.015335310702052,6051240.0
JPM,2026-02-09,322.1000061035156,-0.000930483246426703,0.04530405267555183,-0.021537702497974858,0.01875304313927149,12987555.0
KVUE,2026-02-09,18.18000030517578,0.002757923150784385,0.04602998751663306,0.08021392677299842,0.01078139701080859,58427675.0
KDP,2026-02-09,28.510000228881836,0.0035199008098141782,0.0378595173470481,0.025908574653993655,0.014101747181083722,10901360.0
KEY,2026-02-09,23.010000228881836,-0.008616926474788976,0.04590910131281072,0.08588955398557094,0.013145118092255437,16396100.0
KEYS,2026-02-09,235.92999267578125,0.021563090683456996,0.05674997079943672,0.13810896865676947,0.01753613360388768,1107110.0
KMB,2026-02-09,104.6999969482422,0.003546392319504363,0.05226127586173067,0.06924018490685702,0.011824064545348253,6939830.0
KIM,2026-02-09,21.760000228881836,-0.0032065824584911395,0.04464715835727744,0.06614406622060313,0.011226683784980618,5671745.0
KMI,2026-02-09,30.989999771118164,0.016065566266169312,0.04660584708951887,0.1426990712436187,0.014936077997740927,15924785.0
KKR,2026-02-09,107.29000091552734,0.0396318225603863,-0.06182231249642247,-0.20319342162013557,0.03283476488509488,7289470.0
KLAC,2026-02-09,1440.1600341796875,-0.0019334814696252642,0.021064258950222105,0.028685738699776787,0.050013959678129244,1439185.0
KHC,2026-02-09,24.579999923706055,-0.0024350433209666743,0.04595744356195977,0.049530309292623684,0.021121411693896235,16501250.0
KR,2026-02-09,70.0999984741211,0.03851849591290509,0.11163965980837831,0.17795329274536353,0.017191466340146934,7052270.0
LHX,2026-02-09,350.6000061035156,0.0026883327562811916,0.030449142271618653,0.044167190562227114,0.018142190343083058,1758015.0
LH,2026-02-09,274.010009765625,-0.011507944808544042,0.013762999382512747,0.08816175855712607,0.012001986571968232,823120.0
LRCX,2026-02-09,229.27999877929688,-0.007488834979768986,-0.034610531455592106,0.05000915066139471,0.04117090931320044,13603130.0
LW,2026-02-09,50.65999984741211,0.010774160555374876,0.12527763954466647,0.22455888700464374,0.01861894440375544,3009930.0
LVS,2026-02-09,57.18000030517578,-0.010726625260701233,0.027677946305187304,-0.030025452669314154,0.036770718853016054,7389135.0
LDOS,2026-02-09,194.5800018310547,0.008238749637980169,0.034779880761696316,-0.018957318625893615,0.013994641902098795,854500.0
LEN,2026-02-09,114.08000183105467,0.0005262689857473871,0.04852939918379506,-0.04335428233916416,0.019156351521464873,3071170.0
LII,2026-02-09,529.2899780273438,-0.0013019405766911522,0.06864658865683163,-0.0017728202403327713,0.021723772128653087,548695.0
LLY,2026-02-09,1044.6700439453125,-0.012767212648024003,0.0005172143889884776,-0.017761117010556104,0.035699314316187954,3544070.0
LIN,2026-02-09,456.3399963378906,0.018070690433667703,-0.008301476212225826,0.027607661088842866,0.013111226158612056,2605305.0
LYV,2026-02-09,147.91000366210938,0.0501988604661493,0.027580944514150583,0.012596674509685941,0.023375749548941387,2747365.0
LMT,2026-02-09,638.2899780273438,0.023589532272296383,0.0036005943826159592,0.17566123576072087,0.018374060530169996,1984480.0
L,2026-02-09,110.9000015258789,-0.003325201117551715,0.04840237101216635,0.06043220103432367,0.009070239182462374,780105.0
LOW,2026-02-09,276.8900146484375,-0.005352360831383094,0.029101379472578754,0.036226277096329036,0.014363238327616119,2915505.0
LULU,2026-02-09,175.67999267578125,0.0163724991167823,-0.01898597900663989,-0.13840118717722882,0.03053015964611407,2690310.0
LYB,2026-02-09,55.470001220703125,0.0067151135540559235,0.10388062130752487,0.1387805843417756,0.03511766754209619,6942400.0
MTB,2026-02-09,236.25,-0.007394624374840528,0.04748606470108326,0.11607146718797981,0.012872934766867686,1370500.0
MPC,2026-02-09,204.2599945068359,0.006206869491802508,0.15459832840749843,0.1594482410731058,0.020954940947192257,2382210.0
MAR,2026-02-09,331.2099914550781,-0.006091702192972495,0.037332777697862696,0.009232734617951864,0.015558914741348965,1535320.0
MRSH,2026-02-09,171.13999938964844,-0.07506890494128132,-0.09088977747862716,-0.07994191471599121,0.022876384611549425,3149450.0
MLM,2026-02-09,695.72998046875,0.008304319519927536,0.06327076902727781,0.04358977950640688,0.01623228284116016,412480.0
MAS,2026-02-09,71.61000061035156,-0.017291094946329875,0.0757097932797377,0.03303521242944158,0.019284483290229776,2469705.0
MA,2026-02-09,535.3300170898438,-0.024437754461459335,-0.03608401282664749,-0.0698647573975993,0.017683043812759446,4702190.0
MTCH,2026-02-09,32.59000015258789,0.030350964821145507,0.033291033816794394,0.01148351700393546,0.028008734953129798,4984295.0
MKC,2026-02-09,67.83000183105469,0.006081336001848617,0.11014735720139317,0.0016243444827040772,0.02784676310129352,5059965.0
MCD,2026-02-09,325.6000061035156,-0.004768301568442683,0.022195734628804673,0.059481967797858686,0.007547048378659715,3129205.0
MCK,2026-02-09,962.3200073242188,0.014377887964059848,0.1368087751149668,0.17922703012424454,0.03901670031992412,772690.0
MDT,2026-02-09,101.6500015258789,-0.012147716049213376,-0.010320295667824582,0.042243440973533594,0.01193320289815476,8799175.0
MRK,2026-02-09,117.6500015258789,-0.03510209766738756,0.03775248015883017,0.06441692594966049,0.01742522630784455,14173650.0
META,2026-02-09,677.219970703125,0.02382600339695245,-0.04132161712195134,0.03699502838154403,0.03256907818644955,19317115.0
MET,2026-02-09,76.27999877929688,-0.001309223327009466,-0.044469534890788705,-0.039415750389972436,0.01771062227624176,4043220.0
MTD,2026-02-09,1380.8800048828125,0.00532194127681622,-0.0034136449063983114,-0.07018960796238533,0.015314622986523883,146415.0
MGM,2026-02-09,38.060001373291016,0.015204045593617845,0.13645862841991466,0.10478956546889605,0.025526407124154295,5004270.0
MCHP,2026-02-09,74.41000366210938,-0.021049841193971606,-0.04700304921721515,-0.01076838002457797,0.025602647814956747,9941690.0
MU,2026-02-09,383.5,-0.028351370372163058,-0.12402921267016258,0.1113043092228634,0.043769558612799866,38468520.0
MSFT,2026-02-09,413.6000061035156,0.03106145236096221,-0.02307671570104436,-0.1370388767381594,0.03028845643625578,43089285.0
MAA,2026-02-09,133.5800018310547,0.010974017215304012,0.009598702259052749,-0.01707131839311807,0.013419414657533508,977780.0
MRNA,2026-02-09,41.95000076293945,0.022921299192365022,-0.014101021971311863,0.22303211941804402,0.06273636134940277,14271480.0
MOH,2026-02-09,127.52999877929688,-0.03180991802745053,-0.29611433969141504,-0.2973553786264635,0.062393197534457705,1986560.0
TAP,2026-02-09,50.869998931884766,-0.017194733742450292,0.050381965957745786,0.05692910457017842,0.017359628979028218,2764620.0
MDLZ,2026-02-09,60.72999954223633,0.01182937485934019,0.03475891912185134,0.10237791566576161,0.01150934824900959,12190265.0
MPWR,2026-02-09,1206.1800537109375,-0.019222238710192924,0.02809369413312929,0.257787095070929,0.027970182046366213,688070.0
MNST,2026-02-09,80.9000015258789,-0.01986914673440381,-0.0024660536622082216,0.046030583870666074,0.013001009393744314,6614095.0
MCO,2026-02-09,449.4700012207031,-0.006674156509202821,-0.13070300390244904,-0.15451174055080782,0.02250587458888559,1109775.0
MS,2026-02-09,182.3500061035156,0.013280725163832986,-0.014856833653814608,-0.02130743379477698,0.020510818919210555,8100015.0
MOS,2026-02-09,29.559999465942383,0.033566401107275885,0.08397502639303243,0.13779830588087424,0.025704539925210768,7195170.0
MSI,2026-02-09,422.5899963378906,0.0009711584376860461,0.046844044800845586,0.10296492191151511,0.009828564455890788,1208660.0
MSCI,2026-02-09,559.3900146484375,0.002886416269854644,-0.1046178236919768,-0.037459493946737595,0.02429918537359853,643210.0
NDAQ,2026-02-09,86.30000305175781,0.017328789213405214,-0.108563110958399,-0.12153903778142408,0.024926824056912187,5149915.0
NTAP,2026-02-09,103.68000030517578,0.003290148822663452,0.06382106791640732,-0.01622543974168212,0.03111616502750066,2674955.0
NFLX,2026-02-09,81.47000122070312,-0.008880726942103288,-0.01558725087275717,-0.0893136367710553,0.014864181453130012,53773310.0
NEM,2026-02-09,120.7300033569336,0.046912969792109585,0.06982724846575476,0.10771635675998753,0.04148670475199952,11184000.0
NWSA,2026-02-09,22.739999771118164,0.010666656494140624,-0.15054167417754943,-0.1409142289004326,0.02343515250359731,4113255.0
NWS,2026-02-09,26.270000457763672,0.02417157303914705,-0.14928752682286295,-0.13013245714876145,0.023752657043620663,1572500.0
NEE,2026-02-09,89.4800033569336,0.00011179318312286199,0.03648791218658107,0.12004010565216951,0.010557125040153523,10174655.0
NKE,2026-02-09,62.40999984741211,-0.0236232535167189,0.0036989311853892555,-0.05324633524014191,0.019716786934282443,14288550.0
NI,2026-02-09,44.45000076293945,0.007936560111759389,0.009538996031952313,0.05757796940109886,0.007947200225421933,4525135.0
NDSN,2026-02-09,291.260009765625,0.0037218868188836694,0.05182191294549894,0.11499888371695267,0.01290558752509491,431055.0
NSC,2026-02-09,305.7200012207031,-0.0024798020698938946,0.04896204637498935,0.06444765264553866,0.015199368201750232,1199240.0
NTRS,2026-02-09,154.8000030517578,0.01741708354636135,0.020973539354835594,0.06216548111094115,0.019472261112160993,1150625.0
NOC,2026-02-09,698.02001953125,-0.015639274653302643,0.018977547559698656,0.12798553904146143,0.017409157804742205,1034960.0
NCLH,2026-02-09,22.850000381469727,-0.020154344747217414,-0.033417894609787585,-0.0684875767692252,0.04367281325471533,20565945.0
NRG,2026-02-09,155.72000122070312,0.015653494533229565,0.044329693402822515,0.043210268397052345,0.02855127318048134,2042910.0
NUE,2026-02-09,193.0800018310547,0.0012445835808018836,0.066976097853221,0.17897048784239686,0.018652760469598278,1974990.0
NVDA,2026-02-09,190.0399932861328,0.024971627919608618,0.023867208993124625,0.028021165523523142,0.027172573186241864,176842040.0
NVR,2026-02-09,7882.25,-0.01592913794019953,0.02123115468213873,0.03964562968611333,0.01451122661577559,31080.0
NXPI,2026-02-09,228.91000366210935,0.020461823234770537,-0.009390679209583233,-0.050756751168026866,0.022730837514024427,3253375.0
ORLY,2026-02-09,92.72000122070312,-0.01592018659059837,-0.05397409244185549,-0.0115138784212911,0.016631042519484277,6670035.0
OXY,2026-02-09,46.65999984741211,0.007557729728830305,0.0652968187253215,0.08866073688628856,0.02108448494757509,11418230.0
ODFL,2026-02-09,196.11000061035156,-0.03141206387122417,0.053618414364854664,0.13273260023930378,0.0340449804251745,2463165.0
OMC,2026-02-09,70.75,0.012594779144487972,-0.07540508228170753,-0.10533638895015172,0.02940824363721909,4185090.0
ON,2026-02-09,65.0999984741211,-0.0015337190000250412,0.05802047400698834,0.047297275320559454,0.029807336331039228,9289595.0
OKE,2026-02-09,83.12999725341797,0.015762475235230354,0.10369088675302307,0.14346631008253388,0.02184946429444534,5019180.0
ORCL,2026-02-09,156.58999633789062,0.0964149860489247,-0.021679378193373074,-0.21121301144555205,0.04030651335709762,30756845.0
OTIS,2026-02-09,89.30000305175781,-0.006121262456355999,0.036564149391601186,-0.010745470559215962,0.014612501288668435,4033885.0
PCAR,2026-02-09,127.26000213623048,-0.000706685033128595,0.021266363156239167,0.07121211167635158,0.013522703247211795,3511335.0
PKG,2026-02-09,238.7100067138672,-0.0006279573645696234,0.06700342129167162,0.08826077078482152,0.016041653928405904,1163280.0
PLTR,2026-02-09,142.91000366210938,0.05158211979733093,-0.03282343682343724,-0.19482788191353412,0.04188877495928525,52246600.0
PANW,2026-02-09,166.0,0.0419281469287618,-0.05369968228977521,-0.12178607423624335,0.026318460862903032,7996515.0
PSKY,2026-02-09,10.68000030517578,0.011363625074878163,-0.04472271792054648,-0.11442786620440101,0.014095686113152057,7055795.0
PH,2026-02-09,978.8699951171876,0.0024373059699683867,0.02822478478696178,0.0628454223135294,0.012477812559189573,731065.0
PAYX,2026-02-09,98.08999633789062,-0.004465669814853416,-0.04274426496178825,-0.13782192816941938,0.01585223102912589,3644800.0
PAYC,2026-02-09,129.4199981689453,-0.011834794512568083,-0.02918010247459997,-0.17656041434937822,0.024555633611334997,1255915.0
PYPL,2026-02-09,41.150001525878906,0.018060450024821015,-0.21364417951426726,-0.286333651842252,0.047063987786897674,27697900.0
PNR,2026-02-09,97.5199966430664,0.001746257540933642,-0.07572746973171024,-0.05375510427678444,0.028264620992647888,2219785.0
PEP,2026-02-09,166.47000122070312,-0.02357911984830174,0.0726160083380632,0.1898363009319738,0.016106764721890553,9907550.0
PFE,2026-02-09,27.049999237060547,-0.006245410748799726,0.01462863435411065,0.06161694360401166,0.017984341411704442,56103005.0
PCG,2026-02-09,16.350000381469727,-0.003048734038021135,0.08421753741306089,0.0315457405656942,0.017941230383424427,22812465.0
PM,2026-02-09,181.8300018310547,-0.005360733770728031,0.010503497632572707,0.11819691992227692,0.014472628802827936,6050320.0
PSX,2026-02-09,157.5,-0.0019011599870464681,0.10728342180477012,0.10790655559035606,0.01821276778360106,2429985.0
PNW,2026-02-09,93.11000061035156,-0.004384046700511093,0.015376267274089469,0.04535759435690337,0.011322671504438605,1250220.0
PNC,2026-02-09,240.9499969482422,-0.006309793823223335,0.058515976715314964,0.10756145055496612,0.015333347043817109,3193915.0
POOL,2026-02-09,262.57000732421875,-0.013488113497504051,0.03537066642278288,0.040788047386681354,0.01670587444933571,785930.0
PPG,2026-02-09,127.58999633789062,0.00853682857816385,0.09556927134564872,0.1878781490340836,0.018582072501122083,2569725.0
PPL,2026-02-09,35.68000030517578,-0.006681455345312956,-0.00390841403800086,0.0315120019595126,0.01158971852086386,8290560.0
PFG,2026-02-09,95.93000030517578,-0.014485269013370487,-0.0007291634877522787,0.062465381907848845,0.015134695150360672,1735225.0
PG,2026-02-09,157.3300018310547,-0.011559944455974842,0.027025258330627345,0.10897305452852739,0.010825624760833793,12361575.0
PGR,2026-02-09,201.52999877929688,-0.0037569555195987835,-0.007436931426154981,-0.06334822760189782,0.01806532147565435,3988580.0
PLD,2026-02-09,137.27999877929688,0.0024096519781552517,0.05860584926555895,0.060896485737984174,0.014163907399142374,3752640.0
PRU,2026-02-09,102.1999969482422,-0.005836635074937743,-0.08521306989295617,-0.1344851341172327,0.020974901076899453,2484800.0
PEG,2026-02-09,81.18000030517578,0.006571590443514244,0.010833056568670443,0.031774275423274795,0.01079057381634662,3337125.0
PTC,2026-02-09,159.74000549316406,0.025815593635677894,0.017970987491235095,-0.06868002848568176,0.0224542419504853,1202285.0
PSA,2026-02-09,288.8900146484375,0.006585416893510453,0.06283807528515147,0.03861233502651129,0.017293344508512935,1163870.0
PHM,2026-02-09,132.3699951171875,-0.020134734580196354,0.04170925816551457,0.001285916587516025,0.01935363961591344,1970020.0
PWR,2026-02-09,514.5599975585938,0.012694126061247294,0.07700359878374255,0.21769171649656463,0.024230700659211783,1114625.0
QCOM,2026-02-09,138.92999267578125,0.011577081551530245,-0.08969992713533073,-0.21852855422586406,0.024164344772977183,11438345.0
DGX,2026-02-09,191.25,0.002831488999646434,0.033783783783783786,0.09636549715275408,0.015424425562004272,1133270.0
Q,2026-02-09,105.1999969482422,0.07106491183862672,0.04499849867578808,0.16487653407351385,0.03859995793849121,2495440.0
RL,2026-02-09,348.1499938964844,0.01534013538842737,-0.023531762066978268,-0.05857062763339031,0.016483320254812805,654795.0
RJF,2026-02-09,173.6699981689453,0.008888107265724091,0.037827189970013116,0.03553748265746936,0.015514765741056324,1258955.0
RTX,2026-02-09,196.19000244140625,-0.01243330904646612,-0.024367168858320354,0.040795768919927054,0.016925297837480154,6301430.0
O,2026-02-09,63.09000015258789,-0.002214129221287133,0.04229310135335101,0.08457971701070424,0.010038951207037555,6418630.0
REG,2026-02-09,76.05999755859375,0.011167193888045686,0.05668232858268051,0.09093511513031907,0.011270638428232291,1438495.0
REGN,2026-02-09,780.280029296875,-0.006658069793802481,0.0334560794577441,-0.02042553354519977,0.016259078558425715,892400.0
RF,2026-02-09,30.760000228881836,-0.005496284339366713,0.05631865873571216,0.07854136518810591,0.017240432432161782,16007935.0
RSG,2026-02-09,224.0800018310547,0.018823312465641014,0.03870581870340126,0.05588540449595738,0.009033717014447355,1450970.0
RMD,2026-02-09,275.9599914550781,0.015940752105547698,0.08330056333646216,0.09304071818750705,0.01694270801315454,1246320.0
RVTY,2026-02-09,102.81999969482422,0.012107524375161653,-0.03987297403198803,-0.01541703155842821,0.0287091415056924,1697985.0
HOOD,2026-02-09,86.55999755859375,0.04515814872676533,-0.037259548071038644,-0.2490674062685469,0.05278775015406452,30557800.0
ROK,2026-02-09,410.6600036621094,-0.0105054827887311,-0.04308514621308601,0.0003166757196771662,0.020666271650357122,907680.0
ROL,2026-02-09,64.30999755859375,-0.008173948322497961,0.012596429825275328,0.059821971574847595,0.006754997268436462,2211595.0
ROP,2026-02-09,351.7099914550781,-0.029551408796004035,-0.05609080464326513,-0.1911179746788534,0.030475131388517762,2086960.0
ROST,2026-02-09,194.5,0.019712668546455835,0.023091890881880312,0.015984107394327467,0.011064238220751981,2469565.0
RCL,2026-02-09,348.0299987792969,8.620338878412356e-05,0.04185005686931021,0.11727126413899479,0.051515785142110186,2605140.0
SPGI,2026-02-09,444.19000244140625,0.011177389536864072,-0.15818893786029464,-0.18037051990929306,0.02945612911623121,2433900.0
CRM,2026-02-09,194.02999877929688,0.01400570990487175,-0.07959773717388781,-0.2535585252099331,0.02868472176095214,12637235.0
SNDK,2026-02-09,583.4000244140625,-0.02433311731070094,-0.12302322022384574,0.5457990481258507,0.06686307960484583,20407045.0
SBAC,2026-02-09,184.6300048828125,0.021522625160014925,0.019266895798408096,0.01892940393122665,0.018312435056488573,828720.0
SLB,2026-02-09,50.540000915527344,-0.00315581548332176,0.0518210555255593,0.11814159430205769,0.0212295911279445,22393930.0
STX,2026-02-09,425.0,-0.010062441187270971,-0.018362425182770776,0.3979802846875063,0.056498573786359016,5270100.0
SRE,2026-02-09,87.4800033569336,0.0013736578038417704,0.014613803275241862,-0.015086651007596324,0.013711536838047282,4774725.0
NOW,2026-02-09,103.87000274658205,0.03107013052596276,-0.11974573943574537,-0.26748941811609905,0.03627069062877663,22825705.0
SHW,2026-02-09,360.6000061035156,-0.0038123786975204615,0.011898139314856535,0.02072012949929766,0.014055539503776292,1995000.0
SPG,2026-02-09,196.57000732421875,-0.01518035414149959,0.027978276693664133,0.06432402796995731,0.013011160065474233,1806095.0
SWKS,2026-02-09,61.54999923706055,-0.008856670701686858,0.08305467629646675,0.0229350359001253,0.027516894789890126,4724620.0
SJM,2026-02-09,107.45999908447266,-0.0187197791230761,0.025479512793378394,0.06840323253298791,0.013891676255432802,1536715.0
SW,2026-02-09,44.04999923706055,-0.002038970408526946,0.04980934695399689,0.024895293304336426,0.02789427819701699,5499035.0
SNA,2026-02-09,368.1199951171875,-0.003303192810959491,-0.009151577296044914,0.01642869776307517,0.011818669926821922,361505.0
SOLV,2026-02-09,78.06999969482422,-0.0006400800051175148,0.015082511734248292,-0.09368469644769932,0.01755513480256699,982695.0
SO,2026-02-09,89.37999725341797,-0.00777092099697739,0.013493534176987414,0.02723819169061539,0.009349505285628935,5821565.0
LUV,2026-02-09,53.36000061035156,-0.01658676260637617,0.07493959037958543,0.19856244523120434,0.04608601285694695,10970435.0
SWK,2026-02-09,89.8499984741211,0.005145979277475251,0.13518631385930818,0.09107468292615589,0.021424681361549326,2003680.0
SBUX,2026-02-09,98.9800033569336,-0.004725928664967296,0.07950704244103358,0.11363643581939038,0.017319284307700758,11434930.0
STT,2026-02-09,134.27999877929688,0.014582490266541692,0.012822423629232377,0.012898780724180684,0.021029861125721826,2312175.0
STLD,2026-02-09,202.75,0.00177874703017552,0.08683997149947803,0.19779048196660337,0.025767462007409394,1452345.0
STE,2026-02-09,245.3999938964844,-0.026808413973071064,-0.07129880803121412,-0.04446699284342483,0.023892851741853644,764995.0
SYK,2026-02-09,356.0799865722656,-0.006168248960197171,-0.032759351323677306,-0.031180338755571343,0.014204469304920513,2141590.0
SMCI,2026-02-09,33.529998779296875,-0.024723742362145244,0.12857623064756896,0.11173736568085327,0.057109178796811884,40000905.0
SYF,2026-02-09,73.94999694824219,-0.01609907736709161,0.005848753057802732,-0.14892395594777558,0.028576244897224375,5890470.0
SNPS,2026-02-09,438.8999938964844,0.028157770043531587,-0.041472886816571956,-0.1642865302992638,0.03037538266067288,2264120.0
SYY,2026-02-09,86.47000122070312,-0.0006933729277724777,0.043567470236061896,0.16410881316282164,0.027529423881315466,4655450.0
TMUS,2026-02-09,197.66000366210935,0.001367872097349369,0.013693000121685004,-0.01445948310623193,0.01868835621327025,6740410.0
TROW,2026-02-09,95.80999755859376,0.01300481818277181,-0.1016409171326152,-0.10716615657101969,0.024073952597835055,2203495.0
TTWO,2026-02-09,205.02999877929688,0.0482642395733685,-0.07565032669397256,-0.1822025715419666,0.027691546748488203,2676425.0
TPR,2026-02-09,154.64999389648438,0.016765205066680205,0.1926428324229091,0.1510977809508082,0.0305459839178295,2545590.0
TRGP,2026-02-09,217.6999969482422,0.02960648143470719,0.09578697817832622,0.2309170880750312,0.014228891492217437,1296305.0
TGT,2026-02-09,115.5199966430664,-0.0002596833223617606,0.05468819438078683,0.09476876723021663,0.022499549874669345,6573885.0
TEL,2026-02-09,226.4600067138672,0.04886296546161048,-0.002949844382255869,-0.02219343374002781,0.026038213652588512,2581115.0
TDY,2026-02-09,656.3800048828125,0.013620370865204165,0.07036515791527158,0.195548398113471,0.02684509881145418,476550.0
TER,2026-02-09,310.010009765625,0.03298798739557153,0.24237571146634437,0.42690793336953153,0.04342935306005866,3911460.0
TSLA,2026-02-09,417.3200073242187,0.015105500216312347,-0.010644579930212183,-0.062223324944959996,0.024776901051633295,61416295.0
TXN,2026-02-09,218.77000427246097,-0.012057433794744355,-0.027732058071693207,0.14954551562696955,0.027209233863579905,9830840.0
TPL,2026-02-09,374.510009765625,0.023167530023792588,0.112361939862205,0.20085296960004134,0.02506173434256831,367075.0
TXT,2026-02-09,95.47000122070312,0.00031432081443319795,0.0903380982487594,0.01747841157033491,0.02299359947420297,2105220.0
TMO,2026-02-09,546.760009765625,0.007239821955407446,-0.060178435791231805,-0.11650450391453065,0.01701935024996554,2709125.0
TJX,2026-02-09,156.24000549316406,0.0024381167799588837,0.04042090562849863,-0.009948622328865828,0.010608481594236755,5984785.0
TKO,2026-02-09,209.38999938964844,-0.011845184422525879,0.04423496373526489,0.048890418615003706,0.019478999579987492,918980.0
TTD,2026-02-09,27.040000915527344,0.0,-0.09109240620076156,-0.27487261325681434,0.03268455189010569,14041350.0
TSCO,2026-02-09,53.779998779296875,-0.03290778297013794,0.015100023480045095,0.04406912311652556,0.027212328821082248,8524065.0
TT,2026-02-09,459.7900085449219,0.011060776390363005,0.08162980193833896,0.20458473628639845,0.022426279647972176,2035795.0
TDG,2026-02-09,1300.0999755859375,0.011333804700798457,-0.09433518314118121,-0.06608049227635109,0.024755338715805694,423185.0
TRV,2026-02-09,292.82000732421875,-0.0287571169557447,0.025172433982753824,0.03851615902347211,0.014240032832447467,1848870.0
TRMB,2026-02-09,66.93000030517578,0.011791364494401824,-0.013995241406618534,-0.16970599431330433,0.024131379283306262,2315385.0
TFC,2026-02-09,54.779998779296875,-0.018455519954297454,0.040258240372724755,0.08218095486350926,0.014236087295607006,11570705.0
TYL,2026-02-09,355.239990234375,0.019778912042883526,-0.021053831970997538,-0.20770793295049042,0.0325205761165681,614095.0
TSN,2026-02-09,65.4000015258789,0.002145255670635565,-0.005171833722830145,0.1270033241705219,0.013949570470804437,3223840.0
USB,2026-02-09,60.349998474121094,-0.005602243537343901,0.0521268799155127,0.09309906674303892,0.013178671104630477,13187545.0
UBER,2026-02-09,73.91000366210938,-0.011501845921732838,-0.08572480195095065,-0.13494848372931653,0.01751972407785676,22548250.0
UDR,2026-02-09,37.75,0.005326252117258615,0.027210884353741496,0.02525802044768923,0.01318576419674738,5232255.0
ULTA,2026-02-09,696.25,0.008517179084259583,0.04609581612477336,0.04513796219463067,0.01560504605774579,537635.0
UNP,2026-02-09,254.33999633789065,0.006808650360021045,0.08123964187155047,0.11337766424305491,0.016933133401849956,4002365.0
UAL,2026-02-09,116.1999969482422,0.002501883159094616,0.0824406017691242,-0.00954656281533751,0.03391515915986114,5965510.0
UPS,2026-02-09,117.91999816894533,0.004942916730494319,0.06937518598682156,0.09124561200369395,0.017840167862965405,6765770.0
URI,2026-02-09,876.52001953125,-0.025601654798775998,0.12521507806119156,-0.06633002050888963,0.03975049611746255,817005.0
UNH,2026-02-09,275.70001220703125,-0.0034338756927953695,-0.034630008955769655,-0.1984999028970051,0.0481396970946172,12853920.0
UHS,2026-02-09,212.94000244140625,-0.025713740757527394,0.054889536300172265,0.028546605308198355,0.01834723647647672,650920.0
VLO,2026-02-09,201.3800048828125,-0.0064139917108063365,0.11741207146145873,0.0868955430137591,0.02294265893325242,3245115.0
VTR,2026-02-09,82.75,0.0024227370181536144,0.06898328491495015,0.10480638603737304,0.012261269536596182,2802265.0
VLTO,2026-02-09,92.69000244140624,0.02340733966794049,-0.08661805897473676,-0.09773192433999589,0.019496349014701507,2054425.0
VRSN,2026-02-09,219.8699951171875,-0.01918188467181555,-0.12402392383590638,-0.11677515481289932,0.02242903604119309,856365.0
VRSK,2026-02-09,178.1999969482422,-0.00502517657510996,-0.16787297675861568,-0.20754213181987205,0.024027709842087068,1720100.0
VZ,2026-02-09,47.02000045776367,0.015331441663099226,0.05402375732881921,0.16213548002299755,0.029479953306927917,38436500.0
VRTX,2026-02-09,470.8699951171875,-0.014751460730808878,-0.0024152340519294716,0.015112339902119533,0.018404880126508538,1477955.0
VTRS,2026-02-09,15.5600004196167,0.06721539787645889,0.1374269058846167,0.21943574768887197,0.025796087401504377,9174095.0
VICI,2026-02-09,29.059999465942383,0.01043112777027299,0.039713727109257975,0.046829943312032545,0.01149824734677599,9977600.0
V,2026-02-09,325.5799865722656,-0.018095181383006483,-0.02474242108864861,-0.06915974269153408,0.01704428231519858,9198585.0
VST,2026-02-09,152.97000122070312,0.02218514841046542,-0.008362461636647129,-0.08054333287108474,0.036802724652225546,6155905.0
VMC,2026-02-09,327.32000732421875,0.011120740423639263,0.06995290584850725,0.05038191532326775,0.017531216362670448,981490.0
WRB,2026-02-09,69.25,-0.016474983692319027,0.0218386222553401,0.011835148008465015,0.010985571434449708,2477955.0
GWW,2026-02-09,1190.1500244140625,-0.006262263471893048,0.08572494124939156,0.15568748566460236,0.017648197106420193,309460.0
WAB,2026-02-09,244.7400054931641,-0.006414427509231848,0.047284877129172176,0.09054454812410123,0.011968270392400388,721570.0
WMT,2026-02-09,129.02000427246094,-0.016465837200180713,0.039980709426699394,0.1265171190745124,0.01662440074411089,48044450.0
DIS,2026-02-09,107.12999725341795,-0.014443419861104567,0.025658213341104887,-0.07550914918356984,0.0236437857545668,13190695.0
WBD,2026-02-09,27.209999084472656,-0.0054825117884737965,-0.011264584597910538,-0.05815162134540386,0.010274675522800604,23654235.0
WM,2026-02-09,230.5,0.016358776064631764,0.03289118218963769,0.04341132668921112,0.012162742290410627,2385675.0
WAT,2026-02-09,328.1400146484375,-0.1393951918627904,-0.13490280572489205,-0.17293001978969755,0.0341894870555136,667220.0
WEC,2026-02-09,111.31999969482422,-0.0008974912561879691,0.013474175221026011,0.06373624531000019,0.007500033948852025,2521270.0
WFC,2026-02-09,94.61000061035156,0.006810677677286602,0.0253603993976193,-0.013965569364358254,0.017512568273258852,18369875.0
WELL,2026-02-09,197.25,0.006788494505332749,0.052392934471301625,0.06002793453907396,0.013044728730680768,3064225.0
WST,2026-02-09,248.92999267578125,-8.035458006089664e-05,0.0481262849506579,-0.0965084109979809,0.03149371464289588,1181620.0
WDC,2026-02-09,285.989990234375,0.012067392682239077,0.05832061061805688,0.42666856557872757,0.05402173267866101,10532950.0
WY,2026-02-09,26.65999984741211,0.0007507679512725493,0.031733734132431704,0.03614459081700202,0.014233805397703421,8112410.0
WSM,2026-02-09,217.57000732421875,-0.01404808478927527,0.016539777438265818,0.09309693862101295,0.023109539484028094,982885.0
WMB,2026-02-09,67.8499984741211,0.01389719561599382,0.022761564962101435,0.12483419790108172,0.01607711002116513,8077310.0
WTW,2026-02-09,290.0899963378906,-0.12104596767877504,-0.08376232665000816,-0.12163147895575294,0.0327490436269099,745600.0
WDAY,2026-02-09,154.55999755859375,-0.051313532434995375,-0.10854773788326508,-0.2540180716378744,0.03459617674085275,4446190.0
WYNN,2026-02-09,116.94000244140624,-0.00864697059158154,0.07107530788184642,-0.007553249391649197,0.020682728816683926,1330700.0
XEL,2026-02-09,76.43000030517578,0.006982855976836394,0.025906044364775588,0.029221628151375977,0.009903329257250647,5522325.0
XYL,2026-02-09,140.19000244140625,-0.013580022108710609,0.002216167770750774,0.0035793542219295744,0.020017860823548075,1668520.0
YUM,2026-02-09,158.89999389648438,-0.024734542198846576,0.017480923093728555,0.021733471779629813,0.014699897254076067,2299635.0
ZBRA,2026-02-09,257.7900085449219,0.02541771998239826,0.0652039766797327,-0.006513035185185403,0.026980146780591806,705000.0
ZBH,2026-02-09,89.7300033569336,-0.002002005314694904,0.04070983630869687,-0.03360253277825413,0.013200931086255365,2416070.0
ZTS,2026-02-09,127.3000030517578,-0.0009417290763764389,0.018889071268094013,0.0010222920868470887,0.014053573388157048,4635475.0
